model_id,role,confirmatory,term,estimate,se_cluster_store,ci95_low,ci95_high,t_critical_store,t_store,p_two_sided_store,se_cluster_week,se_cluster_store_and_week,twoway_variance_usable,n,store_clusters,week_clusters,k_total_for_cluster_adjustment,r_squared,within_r_squared,outcome,sample,estimator,associated_movement_change_for_10_percent_price,loglog_association,conditional_mean_elasticity,causal_claim
M0_pooled_ols,descriptive pooled OLS,False,intercept,2.8698664538912046,0.032711337599676774,2.8048989138753178,2.9348339939070915,1.98608631695113,87.73308169212751,1.7669833163653546e-90,0.01875748752571316,0.03754421836721618,True,4707776,93,366,2,0.01242586992168948,0.01242586992168948,log_move,log,within_ols,,False,False,False
M0_pooled_ols,descriptive pooled OLS,False,log_unit_price,-0.34603348805327105,0.034683040938617064,-0.41491700109171425,-0.27714997501482785,1.98608631695113,-9.977022737587802,2.552848266887249e-16,0.01737567510655859,0.03864500417806595,True,4707776,93,366,2,0.01242586992168948,0.01242586992168948,log_move,log,within_ols,-0.0324425867367264,True,False,False
M1_pooled_promotion,pooled OLS with the incomplete promotion indicator,False,intercept,2.6803818825585513,0.032920950680351585,2.614998032871282,2.7457657322458204,1.98608631695113,81.41872659097601,1.5633235123013634e-87,0.01672481765865777,0.036757582351761534,True,4707776,93,366,3,0.04872875632137352,0.04872875632137352,log_move,log,within_ols,,False,False,False
M1_pooled_promotion,pooled OLS with the incomplete promotion indicator,False,log_unit_price,-0.21927747211007306,0.0347204368685542,-0.2882352566932741,-0.15031968752687203,1.98608631695113,-6.315515929140555,9.410491157085904e-09,0.014000071209381588,0.03729633573285861,True,4707776,93,366,3,0.04872875632137352,0.04872875632137352,log_move,log,within_ols,-0.020682496852348464,True,False,False
M1_pooled_promotion,pooled OLS with the incomplete promotion indicator,False,promo_coded,0.6818869072220504,0.008622608052290532,0.6647616633529635,0.6990121510911372,1.98608631695113,79.08128295834022,2.196243889766702e-86,0.03421477394855238,0.03499697156900979,True,4707776,93,366,3,0.04872875632137352,0.04872875632137352,log_move,log,within_ols,,False,False,False
M2_upc,product fixed effects,False,log_unit_price,-2.290098663681595,0.07747827567849788,-2.4439772068676273,-2.1362201204955626,1.98608631695113,-29.557945677373322,9.37982940514511e-49,0.04131145598145349,0.08721368706357381,True,4707776,93,366,490,0.3935853894832021,0.13095751379971265,log_move,log,within_ols,-0.19609141410673447,True,False,False
M2_upc_and_store,additive product and store fixed effects,False,log_unit_price,-2.3917769880135635,0.04505894290186778,-2.4812679379672455,-2.3022860380598815,1.98608631695113,-53.081071902253164,8.386866723800177e-71,0.04106570598361125,0.0605713533693784,True,4707776,93,366,582,0.49734084377770316,0.160605483290584,log_move,log,within_ols,-0.2038444477099296,True,False,False
M3_pair,store-product pair fixed effects,False,log_unit_price,-2.4209689672263934,0.04531804679292553,-2.5109745198727738,-2.330963414580013,1.98608631695113,-53.42174119481963,4.7417434013708286e-71,0.04144408920080091,0.061040238827096326,True,4707776,93,366,36444,0.6001051569040721,0.19404525880861212,log_move,log,within_ols,-0.20605650683582255,True,False,False
M3_pair_week,"pair and week fixed effects, promotion not partialled",False,log_unit_price,-2.6285066487434445,0.02818304760129886,-2.6844806139543667,-2.5725326835325224,1.98608631695113,-93.26552209429279,6.773506913151001e-93,0.04332599330478653,0.051233146416619774,True,4707776,93,366,36809,0.6166110337018884,0.17710260607155304,log_move,log,within_ols,-0.2216067667561128,True,False,False
M4_pair_month,pair effects with calendar-month seasonality,False,log_unit_price,-2.4140369803866157,0.04543477415852604,-2.504274363656629,-2.3237995971166026,1.98608631695113,-53.13192428257313,7.700808342031035e-71,0.04060059432402356,0.060566596217287424,True,4707776,93,366,36455,0.6019568318416917,0.19342310500795035,log_move,log,within_ols,-0.20553178385281357,True,False,False
M4_pair_year_month,pair effects with year-month time effects,False,log_unit_price,-2.6051198682863883,0.027562370099530296,-2.6598611144038085,-2.550378622168968,1.98608631695113,-94.51726607251324,2.011753697105873e-93,0.04445239998338734,0.05183896857162519,True,4707776,93,366,36531,0.6111791531812866,0.17454838574573495,log_move,log,within_ols,-0.21986979446615562,True,False,False
M5_confirmatory,pre-specified confirmatory association,True,log_unit_price,-2.127546339203591,0.026069776011552,-2.1793231646261155,-2.0757695137810668,1.98608631695113,-81.60969002038361,1.263894140752786e-87,0.052015818896237874,0.057642496560310064,True,4707776,93,366,36810,0.6283765057373233,0.20235574877355023,log_move,log,within_ols,-0.18353956463905607,True,False,False
M5_confirmatory,pre-specified confirmatory association,True,promo_coded,0.4500666830476118,0.004905693014679069,0.440323553275995,0.45980981281922867,1.98608631695113,91.74375194307899,3.028316742587323e-92,0.019398690564966823,0.019827821795495342,True,4707776,93,366,36810,0.6283765057373233,0.20235574877355023,log_move,log,within_ols,,False,False,False
L_level_pair_week,"level movement on unit price, pair and week effects",False,unit_price,-52.795035197108135,1.9306115950454343,-56.62939646937507,-48.9606739248412,1.98608631695113,-27.3462747932298,5.8236887307839006e-46,2.2540250463466136,2.9378191648750196,True,4707776,93,366,36809,0.21462871067534361,0.12155476241094065,move,log,within_ols,,False,False,False
P_ppml_pooled,pooled PPML of movement on log unit price,False,intercept,3.7884736273787425,0.0329183618306697,3.723094919370403,3.853852335387082,1.98608631695113,115.08694286995353,3.176109855363201e-101,,,,4707776,93,,2,,,move,log,ppml,,False,False,False
P_ppml_pooled,pooled PPML of movement on log unit price,False,log_unit_price,-0.7833228892758157,0.027702611815586507,-0.8383426675465608,-0.7283031110050706,1.98608631695113,-28.276138527670863,3.7131954205787627e-47,,,,4707776,93,,2,,,move,log,ppml,-0.07193977012706676,False,True,False
P_ppml_pair,pair-effect PPML of movement on log unit price,False,log_unit_price,-3.279148252062932,0.05032064358415812,-3.3790893937456032,-3.179207110380261,1.98608631695113,-65.1650698103406,8.711673448750466e-79,,,,4707776,93,,36444,,,move,log,ppml,-0.26841086201655784,False,True,False
S_restore_ok0,confirmatory association with OK=0 positive-sale rows restored,False,log_unit_price,-2.1254038924966094,0.025922875606138943,-2.1768889610339883,-2.0739188239592306,1.98608631695113,-81.98951091650035,8.292319192136682e-88,0.05194976312036688,0.057512200971831,True,4751202,93,366,36861,0.6192869405274115,0.19550757729483725,log_move,log_plus_ok0_positive,within_ols,-0.18337282886026884,True,False,False
S_restore_ok0,confirmatory association with OK=0 positive-sale rows restored,False,promo_coded,0.4489557924839564,0.005055621400266252,0.4389148919972023,0.4589966929707105,1.98608631695113,88.80328587506816,5.866597559051227e-91,0.019321283482403598,0.01977752135195649,True,4751202,93,366,36861,0.6192869405274115,0.19550757729483725,log_move,log_plus_ok0_positive,within_ols,,False,False,False
