store,movement_rows,log_sample_rows,upcs,week_min,week_max
2,73651,53200,405,1,399
5,78473,51844,394,1,399
8,78317,57781,428,1,399
9,75518,54223,410,1,399
12,79185,58025,426,1,399
14,77489,56958,418,1,399
18,76457,55191,401,1,399
21,79313,58040,430,1,399
28,74077,54129,409,1,399
32,78642,56733,428,1,399
33,70953,45668,396,1,399
40,76885,54256,419,1,399
44,77596,56518,423,1,399
45,66275,40441,338,1,369
47,78188,56046,426,1,399
48,73993,47025,384,1,399
49,66337,39959,334,1,369
50,52322,29360,290,1,277
51,75561,53012,415,1,399
52,78854,57686,428,1,399
53,75901,55027,415,1,399
54,79514,57421,439,1,399
56,78267,57410,425,1,399
59,80675,60146,431,1,399
62,76850,56586,423,1,399
64,66926,39099,328,1,369
67,77544,55250,413,1,399
68,75376,53505,417,1,399
70,79391,56742,418,1,399
71,78021,57303,428,1,399
72,74889,53806,417,1,399
73,77911,56909,425,1,399
74,81657,60928,429,1,399
75,76870,55365,424,1,399
76,78489,57748,427,1,399
77,77036,54542,418,1,399
78,77629,57453,423,1,399
80,78619,58382,431,1,399
81,78402,56731,425,1,399
83,79602,59065,433,1,399
84,78709,58053,426,1,399
86,78949,57663,426,1,399
88,75652,54051,417,1,399
89,75978,54471,407,1,399
90,76435,53859,394,1,399
91,78131,57213,425,1,399
92,79428,52343,390,1,399
93,76654,54093,417,1,399
94,78826,57319,426,1,399
95,73449,52829,402,1,399
97,59150,33685,306,1,361
98,81785,60350,431,1,399
100,77597,55073,414,1,399
101,78937,57717,420,1,399
102,81381,59269,425,1,399
103,80372,57751,426,1,399
104,81214,59192,437,1,399
105,78625,55733,420,1,399
106,81389,58767,424,1,399
107,81554,58820,422,1,399
109,79887,58886,427,1,399
110,81660,60349,420,1,399
111,76372,54058,400,1,399
112,79510,58369,426,1,399
113,78614,57584,426,1,399
114,77273,56243,412,1,399
115,80476,59151,425,1,399
116,76900,54645,415,1,399
117,72959,45892,368,1,399
118,65101,39274,322,1,369
119,78068,57028,418,1,399
121,82493,60707,431,1,399
122,79522,59008,433,1,399
123,78299,56811,422,1,399
124,77664,55266,422,1,399
126,83401,62078,442,1,399
128,78084,56505,428,1,399
129,81863,58892,420,1,399
130,78668,52275,393,1,399
131,81287,60336,435,1,399
132,81857,61008,443,1,399
133,60477,38957,351,73,399
134,66706,49586,392,61,399
135,8738,7575,210,348,399
136,63946,44385,367,73,399
137,76086,49886,391,1,399
139,44235,33987,324,154,399
140,6654,5577,201,362,399
141,6070,5579,202,366,399
142,6641,5525,199,362,399
143,8108,7084,210,352,399
144,8130,6985,211,352,399
146,4963,4521,188,372,399
