upc,com_code,descrip,size,movement_rows,log_sample_rows,stores,week_min,week_max,weeks_observed
317,311,$TONY THE TIGER T-SH,ASST,208,5,7,362,399,36
1313000002,311,NAB SHREDDED WHEAT,10 OZ,24790,18375,86,1,361,293
1313000005,311,NABISCO SHREDDED WHE,15 OZ,27330,14820,86,1,399,367
1313000032,311,NABISCO 100% BRAN,17 OZ,25688,13554,86,1,399,367
1313000050,311,NAB SPOON SIZE SHRED,23.45O,24602,17969,86,1,361,293
1313000054,311,NAB SPOON SIZE SHRED,17.2 O,28738,20500,86,1,399,367
1313000148,311,NABISCO TEAM FLAKES,13 OZ,19147,10511,86,1,369,339
1313000698,311,NABISCO CREAM OF RIC,14 OZ,60,2,1,1,60,60
1313001041,311,NABISCO OAT BRAN RAI,15.5 O,11068,5006,83,1,159,159
1313001059,311,NABISCO WHEAT N BRAN,18 OZ,26817,15059,86,1,399,367
1313001145,311,NABISCO FRUIT WHEATS,15.5 O,4881,2439,28,1,369,339
1313001146,311,NAB RASPBERRY FRUIT,15.5 O,4800,1660,80,1,60,60
1313001854,311,NAB SHRED WHT W/OAT,18 OZ,11164,5526,83,1,215,187
1313002033,311,NABISCO 100% BRAN W/,17 OZ,9080,2863,81,1,132,132
1313002401,311,TEDDY GRAHAMS BRKFST,15 OZ,4493,1168,73,1,98,98
1313002402,311,TEDDY GRAHAMS BRKFST,15 OZ,4554,1157,74,1,98,98
1313002403,311,TEDDY GRAHAMS BRKFST,15 OZ,5015,1186,75,1,132,132
1313005152,311,NAB FROST WHEAT SQUA,15 OZ,11433,6119,83,1,215,203
1313005154,311,NAB FROSTED WHEAT,20 OZ,4444,1858,35,1,361,293
1313018155,311,~NABISCO FROSTED WHE,15 OZ,9440,3789,84,236,399,132
1600000000,311,BERRY KIX/WHT TOTAL/,1 CT,120,2,2,214,277,60
1600062360,311,TRIPLES/KRAFT MARSHM,18.7 O,5008,531,50,154,269,112
1600062370,311,$ GEN MILLS TRIPLES,13.3 O,20019,9160,86,61,375,283
1600062380,311,G. MILLS TRIPLES,18.75O,15837,6566,86,61,269,205
1600062580,311,G. MILLS BENEFIT W/R,15 OZ,3900,1062,65,1,60,60
1600062600,311,G. MILLS BENEFIT CER,12.5 O,3900,1049,65,1,60,60
1600062640,311,G.M. BERRY BERRY KIX,18 OZ,3306,1003,34,202,369,138
1600062680,311,BERRY BERRY KIX,12.7 O,18862,17944,93,148,399,220
1600062740,311,BIG G APPLE-CIN CHEE,1.35 O,4579,143,44,1,132,132
1600062750,311,APPLE CINNAMON CHERR,15 OZ,31184,29347,93,1,399,367
1600062760,311,APPLE CINNAMON CHEER,21 OZ,31184,28406,93,1,399,367
1600063100,311,~RIPPLE CRISP HONEY-,15 OZ,11500,5148,86,188,369,152
1600063110,311,~RIPPLE CRISP-GOLDEN,13.5OZ,11980,6402,86,188,369,152
1600063830,311,WHEATIES HONEY GOLD,14.75O,21617,20147,93,73,399,295
1600063840,311,WHEATIES HONEY GOLD,21.25O,11987,3882,85,73,269,193
1600064300,311,FROSTED CHEERIOS,14.2 O,6682,6374,87,310,399,84
1600064310,311,FROSTED CHEERIOS,20.2 O,6670,6213,87,310,399,84
1600064360,311,BIG G BREAKFAST PACK,7.5 OZ,16365,6453,90,142,399,226
1600064380,311,GENERAL MILLS SUN CR,14 OZ,6960,1378,84,266,399,106
1600064400,311,GENERAL MILLS SUN CR,14.5 O,7040,3260,80,310,399,88
1600064450,311,BIG G SPRINKLE SPANG,13 OZ,10284,5547,85,218,379,130
1600064670,311,GM PEANUT BUTTER PUF,14.25,8902,8201,91,258,399,110
1600064730,311,~GM HIDDEN TREASURES,13.75O,8146,2844,84,238,369,102
1600064740,311,WHEATIES DUNKA-BALLS,13.5OZ,4374,331,75,234,361,64
1600064760,311,WHEATIES QUARTERBACK,13.5OZ,5026,372,71,270,369,74
1600064820,311,BASIC 4,14.5 O,24091,17465,86,61,399,307
1600064840,311,BASIC 4,14.8 O,7202,4341,84,310,399,88
1600065110,311,GM N.V LOWFAT GRANOL,17 OZ,7262,6285,87,310,399,88
1600065120,311,B.C CINN STREUSEL CE,13.75O,2592,2411,82,366,399,32
1600065130,311,BC DUTCH APPLE CEREA,16.5OZ,2652,2461,83,366,399,32
1600065190,311,CHEERIOS BND PK,30 OZ,4932,158,75,278,369,66
1600065400,311,SMORES CRUNCH CEREAL,14 OZ,4431,2589,28,1,399,367
1600065420,311,GENERAL MILLS CLUSTE,13 OZ,4740,425,79,1,60,60
1600065490,311,CLUSTERS TRIAL SIZE,1.7OZ,2580,174,43,1,60,60
1600065600,311,G.M. FIBER ONE,16 OZ,22031,12868,86,1,269,265
1600065620,311,G.M. FIBER ONE,16 OZ,15144,13147,92,186,399,182
1600065700,311,CINNAMON TOAST CRUNC,14 OZ,31180,29757,93,1,399,367
1600065720,311,CINNAMON TOAST CRUNC,20.3 O,31180,29014,93,1,399,367
1600065727,311,CINNAMON TOAST CRUNC,14 OZ,840,49,23,258,361,40
1600065850,311,WHOLE GRAIN TOTAL,12 OZ,31184,29725,93,1,399,367
1600065890,311,TOTAL,18 OZ,31184,29747,93,1,399,367
1600065910,311,GENERAL MILLS CLUSTE,15.5OZ,29190,21308,86,1,399,367
1600065920,311,GENERAL MILLS CLUSTE,15.5OZ,7202,4349,84,310,399,88
1600065960,311,TOTAL CORN FLAKES,10 OZ,31185,28565,93,1,399,367
1600065980,311,RAISIN NUT BRAN,15 OZ,25954,17673,86,1,379,347
1600065990,311,GM RAISIN NUT BRAN,20 OZ,28978,19721,86,1,399,367
1600066110,311,WHEATIES,12 OZ,31184,29503,93,1,399,367
1600066210,311,WHEATIES,18 OZ,31184,29732,93,1,399,367
1600066310,311,KIX,9 OZ,31184,29542,93,1,399,367
1600066370,311,KIX,13 OZ,25289,20503,93,61,399,307
1600066510,311,CHEERIOS,10 OZ,31184,29379,93,1,399,367
1600066590,311,HONEY NUT CHEERIOS,14 OZ,31184,29537,93,1,399,367
1600066610,311,CHEERIOS,15 OZ,31184,29679,93,1,399,367
1600066660,311,CHEERIOS,20 OZ,31176,29229,93,1,399,367
1600066740,311,CHEERIOS CRAYOLA TRA,8.75 O,4752,1059,84,238,361,62
1600066750,311,HONEY NUT CHEERIOS,20 OZ,31180,29264,93,1,399,367
1600066820,311,H.N. CHEERIOS BND PK,28 OZ,4836,147,74,278,369,66
1600066950,311,HONEY NUT CHEERIOS,27 OZ,9911,3567,81,1,124,124
1600066960,311,OATMEAL RAISIN CRISP,2.3OZ,2700,148,45,1,60,60
1600066970,311,OATMEAL CRISP W/RAIS,15 OZ,17694,9930,84,1,369,339
1600067030,311,OATMEAL RAISIN CRISP,20 OZ,29635,21509,86,1,399,367
1600067070,311,OATMEAL CRISP CEREAL,18.25O,18250,10769,86,1,269,265
1600067110,311,BIG G OATMEAL CRISP,15.5OZ,14745,8982,86,170,399,198
1600067140,311,OATMEAL CRISP WITH A,15 OZ,15756,9623,86,154,399,214
1600067350,311,BIG G TRIAL SIZE PAL,ASSTD,1050,639,83,380,399,20
1600067400,311,TRIX,17 OZ,31036,28776,93,1,399,367
1600067440,311,TRIX,12 OZ,31180,29698,93,1,399,367
1600067460,311,TRIX/CHEERIOS CRAYOL,ASSTD,4734,880,84,238,361,62
1600067720,311,BIG G TRAIL SIZE PAL,1.0,1756,516,83,376,399,24
1600067970,311,GOLDEN GRAHAMS,18 OZ,31122,29613,93,1,399,367
1600068050,311,GOLDEN GRAHAMS,12 OZ,31156,27453,92,1,399,367
1600068090,311,BUNUELITOS CEREAL,12.5OZ,298,68,5,228,361,66
1600068100,311,BIG G TRAIL SIZE PAL,1.0,1772,751,83,376,399,24
1600068170,311,COCOA PUFFS,12 OZ,12549,6495,83,1,219,219
1600068260,311,COCOA PUFFS,13.8 O,26265,23586,93,61,399,307
1600068270,311,BIG G TRIAL SIZE PAL,ASSTD,1034,517,83,380,399,20
1600068290,311,HONEY NUT CHEERIOS,27 OZ,9688,9090,91,252,399,116
1600068310,311,GM TOTAL RAISIN BRAN,13.5OZ,31036,25430,89,1,399,367
1600068330,311,TOTAL RAISIN BRAN,20 OZ,28679,22525,86,1,369,339
1600068350,311,TOTAL RAISIN BRAN,18 OZ,2447,1967,78,362,399,36
1600068360,311,TOTAL RAISIN BRAN,24 OZ,7362,6926,88,310,399,88
1600068450,311,CRISPY WHEATS & RAIS,18 OZ,23064,15304,93,1,399,367
1600068500,311,BIG G TRAIL SIZE PAL,1.0,1812,656,83,376,399,24
1600068560,311,FRANKENBERRY CEREAL,12 OZ,16477,8410,70,1,269,265
1600068640,311,COUNT CHOCULA CEREAL,12 OZ,30650,24591,93,1,399,367
1600068780,311,MULTI GRAIN CHEERIOS,11.25O,20675,18952,93,73,399,295
1600068790,311,MULTI GRAIN CHEERIOS,16 OZ,18757,12341,93,73,399,295
1600068870,311,LUCKY CHARMS,14 OZ,31184,29684,93,1,399,367
1600068879,311,HOLIDAY LUCKY CHARMS,14 OZ,14887,1320,79,1,361,293
1600068890,311,LUCKY CHARMS,20 OZ,30866,27715,93,1,399,367
1600068920,311,GENERAL MILLS KABOOM,10 OZ,9951,6785,87,1,399,367
1600069270,311,HONEY NUT CHEERIOS,27 OZ,19839,14579,86,61,361,239
1600069320,311,GOLDEN GRAHAMS,13 OZ,2081,1894,75,366,399,32
1600069750,311,~TEAM USA CHERRIOS (,13 OZ,1320,163,29,342,399,52
1600069820,311,GEN MLLS FRENCH TOAS,15.75O,2156,1961,83,372,399,28
1600069880,311,SINGLE VARIETY PACK,6 OZ,7884,2741,86,198,361,96
1600069900,311,HONEY TOASTED OAT FI,9 OZ,8038,2943,86,198,361,96
1600069910,311,CINNAMON FINGOS,8.25 O,8044,3086,86,198,361,96
1600081570,311,GM JURASSIC CRUNCH C,11.25O,162,122,81,398,399,2
1600084320,311,FROSTED CHEERIOS,28 OZ,2649,2239,83,366,399,32
1600085920,311,HONEY NUT CLUSTERS,17.2 O,2500,2283,77,362,399,36
1600085930,311,BIG G TRIAL SIZE PAL,ASSTD,1041,497,83,380,399,20
1600085970,311,~RAISIN NUT BRAN,14.5 O,2764,528,41,310,399,88
1600086980,311,GM RAISIN NUT BRAN,21 OZ,7186,6842,86,310,399,88
1600087030,311,GM OATMEAL RAISIN CR,21.5 O,7262,6360,87,310,399,88
1600087110,311,BIG G OATMEAL CRISP,16.8 O,7170,4271,83,310,399,88
1600087140,311,GM OATMEAL CRISP W/A,16.4,7206,4318,84,310,399,88
1600087980,311,OATMEAL CRISP W/RAIS,16 OZ,4878,986,65,310,399,88
1600094840,311,GENERAL MILLS BASIC,16.2 O,2699,2421,82,362,399,36
1600097110,311,GM OATML RSN CRSP AP,17.5 O,2424,2135,75,362,399,36
1600097140,311,GM OATML RSN CRSP AL,17.5 O,2390,2114,74,362,399,36
1600097980,311,GM OATML RSN CRSP RA,19.25,1849,1093,63,362,399,36
1780000072,311,DOUBLE CHEX PP .39Õ,1 OZ,4790,429,68,146,269,120
1780010207,311,~RALSTON BANANA WALN,13.5OZ,12804,8270,86,146,369,194
1780010304,311,MUESLI APPLE ALMOND,13.5OZ,9941,2560,84,1,215,193
1780010320,311,MUESLI W/CRANBERRIES,3 OZ,2280,125,38,1,60,60
1780010359,311,~MUESLI W/ CRANBERRI,13.5OZ,28962,17131,86,1,399,367
1780010375,311,RALSTON MUESLI RAISI,13.5OZ,20438,12728,86,1,269,265
1780010508,311,RALSTON MORNING FUNN,14 OZ,2340,88,39,1,60,60
1780010537,311,~RASPBERRY ALMOND MU,13.5OZ,23966,14899,86,61,399,307
1780010605,311,~MUESLI STRAWBERRY P,13.5OZ,6960,1146,83,270,399,102
1780010618,311,RALSTON BLBRY PECAN,13.5OZ,4392,1639,43,208,369,132
1780013097,311,HONEY ALMOND DELIGHT,1.2 OZ,8286,663,65,61,269,205
1780013136,311,ALMOND DELIGHT BONUS,18 OZ,16775,3603,86,61,269,205
1780013217,311,~HONEY ALMOND DELIGH,15 OZ,22628,13680,86,1,361,297
1780013709,311,~RALSTON GRAHAM CHX,15.5OZ,12426,7342,86,175,399,193
1780013741,311,GRAHAM CHEX 40% BONU,21.7 O,6050,716,82,206,361,88
1780013806,311,JETSON CEREAL,14 OZ,11954,2550,83,1,157,157
1780014216,311,BILL & TED'S CEREAL,12.5OZ,9394,1939,82,61,215,155
1780014313,311,URKEL-O'S CEREAL,11 OZ,7868,1482,85,73,269,193
1780014407,311,OAT BRAN OPTIONS,17 OZ,10961,5314,83,1,153,153
1780014478,311,OAT BRAN OPTIONS SHI,1.45 O,2100,215,35,1,60,60
1780014601,311,RALSTON RICE BRAN OP,17 OZ,8860,1938,81,1,111,111
1780014834,311,RALSTON DOUBLE CHEX,19.25Z,6086,743,84,206,361,88
1780014973,311,RALSTON DOUBLE CHEX,19.25Z,15519,1856,86,61,361,227
1780014986,311,RALSTON DOUBLE CHEX,13.75O,27096,20090,86,1,369,339
1780015011,311,RALSTON/WHEAT CHEX,16 OZ,30574,23851,86,1,399,367
1780015260,311,RALSTON/WHEAT CHEX,16 OZ,300,5,5,1,60,60
1780015707,311,HOT WHEELS CEREAL,14 OZ,10333,2700,83,1,132,132
1780016023,311,GHOST BUSTERS II CER,14 OZ,3780,434,63,1,60,60
1780016049,311,RALSTON OAT BRAN,14 OZ,8822,3207,81,1,111,111
1780016201,311,HONEY NUT OAT CHEX,16 OZ,6897,1249,63,1,215,195
1780016308,311,BATMAN CEREAL,14 OZ,8696,2500,81,1,132,132
1780016311,311,BATMAN RETURNS CEREA,12.5OZ,11358,2890,86,133,269,133
1780016502,311,NINTENDO CEREAL,13 OZ,3840,417,64,1,60,60
1780016515,311,PRINCE OF THIEVES CE,11.5 O,9312,1335,84,61,215,155
1780016609,311,BRKFAST WITH BARBIE,14 OZ,4478,1681,74,1,98,98
1780016900,311,RALSTON HONEY GRAHAM,14 OZ,2136,596,23,1,132,132
1780017307,311,BREAKFAST ON THE RUN,1.25 O,10708,1184,83,1,143,143
1780017909,311,ADDAMS FAMILY CEREAL,11 OZ,12532,2375,85,61,215,155
1780018270,311,RALSTON RICE CHEX,12 OZ,29314,23065,86,1,399,367
1780018429,311,FROSTED RICE CHEX JU,12.5OZ,11923,2650,85,61,215,155
1780018704,311,TEENAGE MUTANT NINJA,12.5OZ,16610,9616,85,1,215,215
1780018982,311,COOKIE CRISP CHOCOLA,11 OZ,29454,23138,86,1,399,367
1780019062,311,MULTI BRAN CHEX BONU,19.2 O,7107,1302,85,133,269,133
1780019091,311,RALSTON BRAN CHEX,16 OZ,20482,11248,86,1,269,265
1780019266,311,RALSTON CORN CHEX,12 OZ,30490,23828,86,1,399,367
1780019538,311,BREAKFAST ON THE RUN,1.25 O,10606,986,83,1,143,143
1780019541,311,RALSTON CORN CHEX,12 OZ,2262,121,42,340,399,54
1780030180,311,BREAKFAST ON THE RUN,1.25 O,10704,1200,83,1,143,143
1862702345,311,KASHI PUFFED CEREAL,7.5 OZ,30372,21609,93,1,399,367
1862702346,311,KASHI MEDLEY CEREAL,14 OZ,7490,1914,81,216,369,124
1862702349,311,HONEY PUFFED KASHI,11.25O,6157,3774,84,310,399,88
2430003155,311,SUNBELT BERRY BASIC,12 OZ,717,196,14,324,399,70
2430003165,311,SUNBELT GRANOLA CERE,16 OZ,758,223,13,310,399,88
2430003175,311,SUNBELT MUESLI CEREA,14 OZ,882,227,15,310,399,88
2480000119,311,KRETSCHMER WHEAT GER,12 OZ,60,1,1,1,60,60
3000001680,311,QUAKER RTE OAT BRAN,15.5OZ,24062,16658,87,1,399,367
3000002150,311,QUAKER HONEY CRNCH R,13 OZ,10181,1564,75,1,153,153
3000002350,311,KRETCHMER HONEY WHT,10 OZ,120,6,2,1,60,60
3000002360,311,QUAKER OATS PLUS FIB,19 OZ,2332,2200,86,152,181,30
3000002380,311,QUAKER OATS FIBER RA,12.8 O,2620,2190,86,150,221,72
3000002390,311,QUAKER MULTIGRAIN,18 OZ,2354,2203,86,150,181,32
3000002550,311,QUAKER TOASTED OATME,16 OZ,16134,15433,93,180,399,188
3000002580,311,QUAKER TOASTED OATME,16 OZ,16148,15445,93,178,399,190
3000002720,311,KRETCHMER TOASTED WH,12 OZ,1260,129,21,1,60,60
3000002810,311,QUAKER TINY TOON CER,9 OZ,11126,3454,84,61,215,155
3000004340,311,CAP'N CRNCH BERRIES,21 OZ,6358,2147,43,1,215,215
3000004350,311,CAP'N CRUNCH CHRISTM,15 OZ,25375,2792,92,1,399,367
3000006020,311,~HOME RUN CRUNCH,18.7 O,6478,819,80,310,399,88
3000006080,311,QUAKER LIFE CINNAMON,23 OZ,31184,29478,93,1,399,367
3000006110,311,QUAKER LIFE CEREAL,23 OZ,31180,29714,93,1,399,367
3000006140,311,QUAKER  JUMBO CRUNCH,21 OZ,18325,9983,93,125,399,243
3000006150,311,QUAKER CINAMON OAT S,16 OZ,19930,13260,93,73,399,295
3000006151,311,QUAKER OAT SQUARES B,32 OZ,7129,518,85,133,269,133
3000006190,311,QUAKER PUFFED RICE,7 OZ,26827,18789,93,1,399,367
3000006200,311,CAPTAIN CRUNCH JUMBO,20 OZ,16949,7189,85,1,269,265
3000006201,311,CAP'N CRUNCH 50[ OFF,20 OZ,11391,1986,83,61,215,155
3000006230,311,CAP N CRUNCH DEEP SE,15 OZ,264,12,4,228,361,66
3000006300,311,CAPTAIN CRUNCH JUMBO,22 OZ,18786,11802,93,73,399,295
3000006400,311,QUAKER JUMBO OAT SQU,26 OZ,70,1,1,146,215,70
3000006410,311,QUAKER PUFFED WHEAT,6 OZ,25490,18414,92,1,399,367
3000006430,311,QUAKER OAT SQUARES,16 OZ,31184,29580,93,1,399,367
3000006500,311,QUAKER P.B. CAPTAIN,15 OZ,31184,29489,93,1,399,367
3000006560,311,CAPN CRUNCH JUMBO CR,15 OZ,31184,29083,93,1,399,367
3000006570,311,QUAKER JUMBO OAT SQU,26 OZ,19346,8057,86,1,399,367
3000006610,311,CAPN CRUNCH CEREAL,16 OZ,31184,29672,93,1,399,367
3000006700,311,QUAKER 100% CEREAL-O,32 OZ,26265,22854,93,61,399,307
3000006720,311,QUAKER 100% CEREAL H,32 OZ,31184,29103,93,1,399,367
3000006740,311,QUAKER NATURAL LOWFA,15.5 O,14396,9519,86,73,361,225
3000006750,311,QUAKER 100% NATURAL,29 OZ,16796,15615,93,172,399,196
3000006760,311,QUAKER 100% NATURAL,16 OZ,16902,10132,85,1,361,293
3000006780,311,QUAKER 100% CEREAL H,16 OZ,22692,16168,86,1,361,293
3000006860,311,QKR CRNCHY CORN BRAN,16 OZ,24436,15723,86,1,399,367
3000006870,311,QUAKER CRUNCHY BRAN,12 OZ,76,12,3,366,399,32
3000006920,311,QUAKER TRIPLE CRUNCH,18 OZ,6279,258,60,61,215,155
3000006990,311,QUAKER RICE BRAN,13.75O,11060,3639,83,1,215,215
3000007800,311,QUAKER OH'S APL/CIN,12.7 O,15237,7364,85,1,219,219
3000007830,311,QUAKER OH'S CRUNCHY,12.75,4173,1873,40,1,215,211
3000007840,311,QUAKER OH'S HONEY GR,12 OZ,17181,10418,93,1,399,292
3000020123,311,MOTHER'S OAT BRAN HO,16 OZ,1854,925,52,310,361,36
3000034855,311,$QUAKER APPLE ZAPS,14 OZ,6202,4154,86,314,399,80
3000034860,311,$QUAKER SWEET CRUNCH,16 OZ,6574,5658,87,310,399,88
3000034861,311,QUAKER SWEET PUFFS,18 OZ,6244,5714,87,314,399,80
3000034862,311,QUAKER COCOA BLASTS,13 OZ,6288,5760,87,314,399,80
3000034863,311,QKR BAGGED CEREAL-FR,14 OZ,1416,1248,81,376,399,24
3000043316,311,QUAKER CLUB PACK CAP,2/20 O,116,0,11,362,399,36
3000043338,311,QUAKER LIFE CEREAL T,1 OZ,3911,109,53,61,169,109
3000043344,311,LIFE CEREALS,1 OZ,4058,115,55,61,169,109
3680011885,311,W.C. X-RAISIN BRAN C,20 OZ,16414,4714,85,61,269,205
3800000000,311,RICE KRISPIES HOLIDA,15 OZ,70,1,1,274,369,70
3800000101,311,~KELLOGGS CORN FLAKE,7 OZ,6058,1846,72,274,399,98
3800000110,311,KELLOGGS CORN FLAKES,12 OZ,31184,29512,93,1,399,367
3800000111,311,KELLOGG'S CORN FLAKE,11.9OZ,2580,168,43,1,60,60
3800000120,311,KELLOGGS CORN FLAKES,18 OZ,31184,29787,93,1,399,367
3800000127,311,KELLOGGS CORN FLAKE,24 OZ,31180,28877,93,1,399,367
3800000311,311,~KELLOGG'S FRSTD RIC,14 OZ,7274,4244,38,1,369,339
3800000401,311,KELLOGGS NUT & HONEY,16 OZ,24399,17123,87,1,399,367
3800000510,311,KELLOGGS RICE KRISPI,10 OZ,31156,29513,93,1,399,367
3800000520,311,KELLOGGS RICE KRISPI,15 OZ,22442,14752,86,1,277,273
3800000535,311,KELLOGGS RICE KRISPI,19 OZ,31184,29485,93,1,399,367
3800000600,311,~KELLOGG BRAN FLAKES,17.3 O,20171,18636,93,133,399,235
3800000611,311,KELLOGGS BRAN FLAKES,16 OZ,17250,10718,85,1,215,215
3800000640,311,~KELL COMPLETE BRAN,12 OZ,4800,1,80,310,369,60
3800000801,311,KELLOGGS RAISIN BRAN,10.5OZ,2880,182,48,1,60,60
3800000810,311,KELLOGGS RAISIN BRAN,15 OZ,31150,28468,93,1,399,367
3800000820,311,KELLOGG'S RAISIN BRA,20 OZ,31184,29375,93,1,399,367
3800000828,311,KELLOGGS RAISIN BRAN,25.5 O,31184,29718,93,1,399,367
3800000900,311,KELLOGGS APPLE CINNA,16.5OZ,26649,18469,87,1,399,367
3800001003,311,KELLOGG'S CORN POPS,10.9 O,6734,3857,33,1,369,339
3800001004,311,KELLOGG CORN POPS P.,13 OZ,942,24,10,1,98,98
3800001011,311,KELLOGGS CORN POPS,15 OZ,31184,29723,93,1,399,367
3800001070,311,KELLOGG'S CORN POPS,18.8 O,11356,10660,91,232,399,136
3800001111,311,KELLOGGS COCOA KRISP,15 OZ,31184,29674,93,1,399,367
3800001203,311,KELLOGG'S HONEY SMAC,13.1 O,5948,2635,38,1,277,273
3800001210,311,KELLOGGS HONEY SMACK,17.6 O,31184,29737,93,1,399,367
3800001211,311,KELLOGGS HONEY SMACK,17.6 O,278,3,4,1,98,98
3800001411,311,KELLOGGS ALL BRAN,18.3 O,31184,29737,93,1,399,367
3800001500,311,KELLOGGS SUGAR FROST,10 OZ,4406,2856,21,1,399,367
3800001510,311,KELLOGG'S FROSTED FL,15 OZ,31184,29654,93,1,399,367
3800001520,311,KELLOGG'S FROSTED FL,20 OZ,31184,29690,93,1,399,367
3800001527,311,KELLOGG'S FROSTED FL,25 OZ,31184,29596,93,1,399,367
3800001532,311,KELLOGG FROSTED FLAK,31 OZ,22041,20137,93,1,399,367
3800001611,311,KELLOGGS SPECIAL K,12 OZ,31180,29771,93,1,399,367
3800001621,311,KELLOGGS SPECIAL K,18 OZ,31184,29773,93,1,399,367
3800001630,311,KELLOGG'S SPEC-K-HAN,5 OZ,180,3,3,1,60,60
3800001631,311,KELLOGG'S SPEC-K-HAN,5 OZ,4186,2423,15,1,399,367
3800001710,311,KELLOGG FROOT LOOPS,11 OZ,31120,27269,93,1,399,367
3800001711,311,KELL FROOT LOOPS PP$,10.9 O,4976,382,73,1,111,111
3800001720,311,KELLOGGS FRUIT LOOPS,15 OZ,31184,29724,93,1,399,367
3800001727,311,KELLOGGS FRUIT LOOPS,19.7 O,10838,9594,91,202,399,166
3800001744,311,FRUIT LOOPS SHIPPER,1 OZ,243,9,3,144,361,150
3800001912,311,KELLOGGS PRODUCT 19,12 OZ,31184,29796,93,1,399,367
3800002400,311,KELLOGGS STRAWBERRY,16.5OZ,26998,21060,92,1,399,367
3800002720,311,KLLGG SGR FRSTD MINI,16 OZ,30852,24808,93,1,399,367
3800002727,311,KELLOGG FROSTED MINI,20.4 O,20171,19117,93,133,399,235
3800002910,311,KELLOGG'S APPLE JACK,11 OZ,24786,18541,86,1,361,293
3800002911,311,KELL APPLE JACKS PP,10.9 O,5899,298,74,1,111,111
3800002920,311,KELLOGGS APPLE JACKS,15 OZ,31184,29625,93,1,399,367
3800002970,311,KELLOGGS APPLE JACKS,19.1,9060,8365,91,258,399,110
3800003301,311,KELLOGGS FRUITY MRSH,14 OZ,19079,11870,74,1,399,367
3800003500,311,KELLOGG'S CRISPIX,end,31184,29499,93,1,399,367
3800003510,311,KELLOGGS CRISPIX,17.9 O,28936,22786,93,1,399,367
3800003530,311,KELLOGG'S CRISPIX,12 OZ,160,158,80,398,399,2
3800003700,311,KELLOGS RAISIN SQUAR,16.5OZ,31184,29582,93,1,399,367
3800003771,311,KELL RAISIN SQUARE S,1 OZ,600,26,10,1,60,60
3800003801,311,KELLOGGS FRUITFUL BR,15 OZ,3480,103,58,1,60,60
3800003802,311,KELLOGGS FRUITFUL BR,15 OZ,24006,16639,86,1,361,293
3800003900,311,KELLOGGS APPLE RAISI,13 OZ,16727,9674,85,1,361,265
3800004001,311,KELLOGGS ALL BRAN EX,11.4 O,22498,15906,86,1,361,293
3800004100,311,KELLOGGS JUST RT FRT,20 OZ,2279,2093,83,367,399,29
3800004110,311,KELLOGGS JUST RT FRT,14.1 O,360,12,6,1,60,60
3800004120,311,KELLOGGS JUST RT FRT,20 OZ,17140,9786,85,1,399,273
3800004170,311,KELLOGGS JUST RT FRT,20 OZ,20917,17051,93,73,399,295
3800004210,311,KELLOGGS JUST RIGHT,11 OZ,316,7,4,1,98,98
3800004220,311,KLG JST RT FIBER NGT,15.7 O,14257,6418,85,1,215,215
3800004270,311,KLG JST RT FIBER NGT,15.7 O,12082,5341,74,73,399,295
3800004510,311,KELLOGG'S CRACKLIN O,14 OZ,31180,29150,93,1,399,367
3800004511,311,~KELLOGGS CRACKLIN O,20 OZ,24824,19959,86,1,361,299
3800004530,311,KELLOGGS CRACKLIN OA,17 OZ,420,224,82,394,399,6
3800004900,311,BITE SIZE FRSTD MINI,19 OZ,31180,29726,93,1,399,367
3800004920,311,KELL FROST MINI WHTS,24 OZ,31180,28914,93,1,399,367
3800004972,311,KELLOGGS MINI WHEATS,1.2OZ,1620,58,27,1,60,60
3800005220,311,KELLOGG'S  FUN PAK,8.56 O,4164,3748,86,344,399,50
3800005231,311,KELLOGG'S FUN PAK,6.4 OZ,30844,25600,86,1,399,367
3800005332,311,KELLOGGS VARIETY PAC,10.5OZ,31184,29163,93,1,399,367
3800008000,311,KELLOGGS MUESLIX FIV,14.1 O,5506,2241,81,1,98,98
3800008020,311,MUESLIX RSN ALM CRNC,15.3 O,29864,25658,93,1,399,367
3800008100,311,KEL MUSELIX BRAN,13.1 O,4740,528,79,1,60,60
3800008200,311,KEL MUSELIX GOLDEN C,15.9OZ,8102,1871,81,1,215,215
3800008220,311,MUSELIX APPL ALM CRN,15.9 O,31184,26194,93,1,399,367
3800008600,311,KELLOGGS SW GRAHAMS,15.8 O,2940,536,49,1,60,60
3800008700,311,S.W. GRAHAM BRWN SGR,17 OZ,4440,464,74,1,60,60
3800008800,311,KELLOGGS BLUEBERRY S,16.5OZ,8908,4679,71,1,399,367
3800010400,311,KELLOGGS NUTRI GRAIN,12 OZ,4740,665,79,1,60,60
3800010401,311,KELLOGGS NUTRI GRAIN,12.2 O,31184,28018,93,1,399,367
3800010500,311,KELLOGGS WHT-RSN NUT,17.4 Z,4800,1278,80,1,60,60
3800010600,311,NUTRI GRAIN ALMOND R,17.2 O,4974,512,79,1,361,278
3800010601,311,~NUTRI GRAIN ALMOND,17.2 O,31148,25779,92,1,399,367
3800010800,311,KELLOGGS NUTRIGRAIN,12.1 O,4740,712,79,1,60,60
3800010900,311,NUTRI GRAN RAISIN BR,11 OZ,3780,422,63,1,60,60
3800010901,311,KELLOGG'S NUTRI-GRAI,13 OZ,22532,14607,86,1,361,293
3800012100,311,KELL COMMONSENSE,14.8 O,8129,3248,81,1,124,124
3800012121,311,KELL COMMONSENSE FLA,14.8 O,22502,12989,86,1,361,293
3800012200,311,COMMONSENSE W/RAISIN,20.5 O,8176,2969,81,1,143,143
3800012221,311,COMMONSENSE W/RAISIN,18.8 O,11239,3151,83,1,153,153
3800012300,311,KELL BIG MIX,17.8 O,12568,4148,83,1,215,179
3800012400,311,KELL BIG MIX W/RAISI,20 OZ,10906,3015,83,1,143,143
3800012500,311,KELL NUT & HONY CRUN,15.5 O,15358,8202,84,1,215,215
3800012600,311,KEL OATBAKE RAISIN N,14.7OZ,16476,8748,84,1,277,273
3800012700,311,KEL OATBAKE HONEY BR,14.7OZ,17120,9154,85,1,277,273
3800012800,311,KELLOGGS HEARTWISE C,10.3OZ,12177,5447,83,1,157,157
3800012900,311,KELLOGGS HEARTWISE W,14 OZ,4429,1300,66,1,111,111
3800013010,311,KELLOGG KENMEI RICE,17 OZ,16876,7744,85,1,361,293
3800013110,311,KELLOOG KENMEI ALM-R,22 OZ,13634,5825,83,1,215,201
3800013400,311,~KELLOGGS CINN MINI,15.1 O,22751,15979,86,61,399,307
3800013510,311,KELLOGGS DOUBLE DIP,12.1 O,13149,4261,85,61,215,155
3800013520,311,KELLOGGS DOUBLE DIP,14.8 O,10170,2296,86,146,277,128
3800013540,311,KELLOGG DOUBLE DIP S,1 OZ,66,3,1,150,215,66
3800013544,311,KELLOGG DOUBLE DIP S,1 OZ,10235,909,77,61,269,205
3800013600,311,~KELLOGG FROSTED BRA,18.9 O,15214,10136,86,170,399,198
3800013610,311,KELLOGG FROSTED BRAN,18.9 O,12425,4209,86,73,379,253
3800013644,311,KEL FRST BRAN TRIAL,1.5 OZ,5634,236,72,133,217,85
3800013700,311,~KELLOGG LOWFAT GRAN,14 OZ,19759,13999,86,73,399,295
3800013710,311,KELLOGGS LOWFAT GRAN,20.5 O,16790,13711,92,170,399,198
3800013730,311,KELLOGG'S LOW FAT GR,18.5 O,2508,2200,83,366,399,32
3800013800,311,KELLOGG'S L/F GRANOL,14 OZ,15470,12018,92,184,399,184
3800013830,311,KLLG LWFT GRANOLA W/,18 OZ,1588,1388,67,372,399,28
3800013900,311,KELLOGGS RICE KRISPI,14.8,16866,16017,93,170,399,198
3800013930,311,KEL RICE KRISPIES TR,20 OZ,13122,11815,92,208,399,160
3800014400,311,~KELL APPLE CIN RICE,16.2 O,11840,6632,85,222,399,146
3800014500,311,KELL HC MULTI-GRAIN,16.5OZ,10518,9684,91,244,399,124
3800014600,311,KELL HC MULTI-GRAIN,11.5 O,10510,9683,91,244,399,124
3800014700,311,"KELL HC RAISN, OAT C",12.3 O,10518,9687,91,244,399,124
3800014910,311,KEL POP TART BS/CINN,11.1 O,8892,3218,84,258,399,110
3800016310,311,KEL POP TART FRST ST,12.5OZ,9074,5183,87,258,399,110
3800016400,311,~KEL TEMPTATION FR V,11.9 O,7362,4354,87,310,399,88
3800016500,311,~KEL TEMP HNY RSTD P,12.3 O,7302,4370,86,310,399,88
3800016820,311,KLLG HNY CRUNCH CORN,15.1 O,2491,2325,83,366,399,32
3800016830,311,KLLG HNY CRUNCH CORN,21.3 O,2637,2407,83,366,399,32
3800019010,311,KELLOGG COCOA FRSTD,16.1 O,662,573,83,392,399,8
3800032100,311,KELLOGGS POP TARTS S,11 OZ,52,26,26,146,149,4
3800050530,311,KELLOGGS RICE KRISPI,15 OZ,16086,14641,93,180,399,188
3800054268,311,KELLOGG JUMBO ASSORT,25 CT,94,30,1,172,269,94
3800054275,311,KELLOGGS CORN FLAKES,48 OZ,3468,359,73,172,269,94
3800054276,311,KELL RICE CRISPIES $,38 OZ,13645,2320,86,73,361,221
3800054279,311,KELLOGGS RAISIN BRAN,51 OZ,317,248,31,172,191,20
3800054280,311,KELLOGS FRSTED FLKS,50 OZ,7839,1731,78,172,361,122
3800070533,311,KELLOGG'S VALENTINE,19 OZ,1218,303,77,384,399,16
3800090120,311,KELLOGG'S CORN FLAKE,32 OZ,6668,1198,80,310,399,84
3800090530,311,KELLOGGS RICE KRISPI,13.5OZ,1313,1139,83,384,399,16
3800091527,311,KELLOGGS BRTHDY CONF,25 OZ,8,1,1,392,399,8
3828125001,311,DOM OAT HONEY,16 OZ,31180,28401,93,1,399,367
3828125005,311,DOM OAT HON RAISIN,16 OZ,31181,28632,93,1,399,367
3828125029,311,DOM FROSTED FLAKES,20 OZ,31184,27215,93,1,399,367
3828125030,311,~DOM BONUS PACK FR,25.5 O,3058,309,75,352,399,42
3828125031,311,HH FROSTED FLAKES,20 OZ,2064,112,28,166,399,202
3828125033,311,DOM RAISIN BRAN,25.5 O,31180,27302,93,1,399,367
3828125035,311,HH RAISIN BRAN,25.5 O,4888,313,52,158,399,210
3828125037,311,DOM TASTEEO'S,15 OZ,31184,27082,93,1,399,367
3828125041,311,DOM FRUIT RINGS,15 OZ,31184,27108,93,1,399,367
3828125045,311,DOM CRISPY RICE,13 OZ,31184,27216,93,1,399,367
3828125049,311,DOM CORN FLAKES,18 OZ,31184,27190,93,1,399,367
3828125051,311,HH CORN FLAKES,18 OZ,2288,104,29,182,399,186
3828125053,311,DOMINICK'S T-SIZE SH,ASST,8287,560,79,1,111,111
3828125057,311,DOMINICK'S T-SIZE SH,ASST,8326,600,79,1,111,111
3828125061,311,DOM APPLE CINNAMON T,15 OZ,20876,19117,93,73,399,295
3828125065,311,DOM HONEY NUT TASTEE,14 OZ,20894,19357,93,73,399,295
3828125069,311,DOM MAGIC STARS CERE,14 OZ,20865,19456,93,73,399,295
3828125101,311,DOM LOW FAT GRANOLA,14 OZ,10587,9478,91,240,399,128
3828125109,311,DOM APPLE DAPPLES,15 OZ,5196,4173,87,332,399,62
3828125113,311,DOM CRISP CRUNCH,16 OZ,5204,4255,87,332,399,62
3828125117,311,DOM CRISPY CORN & RI,12.3 O,4540,4214,87,340,399,54
3828125121,311,DOM COCOA CRUNCHIES,13.7 O,5198,4544,87,332,399,62
3828125125,311,DOM FROSTED TASTEEO',14 OZ,4456,3007,87,336,399,58
3828198033,311,DOM FRUITY HO-HO-HO',15 OZ,5106,632,70,318,399,76
3828198101,311,DOM TRIAL SIZE CEREA,144 CT,7685,1298,84,73,269,193
3828198105,311,DOM TRIAL SIZE CEREA,144 CT,7655,1340,84,73,269,193
4117314002,311,DOM OAT HONEY,16 OZ,128,2,2,1,215,128
4165345678,311,UNCLE SAM CEREAL,10 OZ,1150,439,10,1,361,315
4240090520,311,MALT O MEAL CRISP N,40 OZ,247,82,15,133,215,83
4240090620,311,MALT O MEAL CORN FLA,40 OZ,199,29,10,133,215,83
4240091020,311,MALT O MEAL SUG FROS,40 OZ,6109,665,74,133,361,161
4240091320,311,MALT O MEAL TOOTIE F,40 OZ,215,145,17,133,151,19
4300000000,311,COCOA PEBBLES ON BOX,17 OZ,325,13,4,148,269,118
4300010200,311,POST BLUEBERRY MORNI,13.5OZ,10556,5359,84,240,399,128
4300010210,311,POST BLUEBERRY MORNI,15 OZ,5480,5105,87,328,399,66
4300010300,311,POST GOLDEN RAISIN C,15.5 O,7040,3036,80,310,399,88
4300010305,311,POST CRANBERRY ALMON,13 OZ,1234,1019,83,384,399,16
4300010370,311,POST WAFFLE CRISP,13.75O,5350,5044,87,328,399,66
4300010442,311,POST FRUIT & FIBRE P,15 OZ,7880,2745,84,258,399,110
4300010446,311,POST FRT&FIBRE DATE/,15 OZ,28506,21206,93,1,399,367
4300010450,311,POST FRUIT&FIBER DAT,14 OZ,2760,80,46,1,60,60
4300010510,311,POST GRAPE NUTS,16 OZ,31125,27546,93,1,399,367
4300010521,311,POST GRAPE-NUTS CERE,24 OZ,31184,29642,93,1,399,367
4300010526,311,POST GRAPE NUTS BONU,32 OZ,660,34,11,1,60,60
4300010713,311,~POST TOASTIES,18 OZ,14378,9406,86,196,399,172
4300010910,311,POST GRAPE NUT FLAKE,18 OZ,1217,887,83,385,399,15
4300010934,311,POST GRAPENUT FLAKES,14 OZ,12218,6660,73,1,399,367
4300011140,311,POST HONEYCOMB 10 OZ,10 OZ,6004,5553,87,314,399,80
4300011170,311,POST HONEY COMB,14 OZ,4740,1713,79,1,60,60
4300011171,311,POST HONEY COMB,14.5 O,31184,27924,93,1,399,367
4300011230,311,HONEY BUNCHES OATS R,16 OZ,31184,29369,93,1,399,367
4300011240,311,HONEY BUNCHES OATS-A,16 OZ,31184,29378,93,1,399,367
4300011250,311,POST OAK FLAKES BONU,15 OZ,3540,474,59,1,60,60
4300011260,311,POST OAT FLAKES,12 OZ,4800,1932,80,1,60,60
4300011313,311,POST/NATURAL BRAN FL,16 OZ,31180,29731,93,1,399,367
4300011410,311,POST RAISIN BRAN,15 OZ,21096,11471,85,1,399,367
4300011460,311,POST RAISIN BRAN,20 OZ,30344,24933,93,1,399,367
4300011470,311,POST NATURAL RAISIN,25 OZ,31080,27132,93,1,399,367
4300011650,311,POST BANANA NUT CRUN,15.5 O,16593,15851,93,172,399,196
4300011653,311,~POST BAN NUT CRUNCH,20.5 O,8162,3337,84,248,399,120
4300011760,311,POST SUGAR CRISP,18 OZ,31185,28583,93,1,399,367
4300011780,311,$POST GOLDEN CRISP 1,11 OZ,16,1,1,384,399,16
4300011817,311,POST ALPHA BITS,15 OZ,31185,29480,93,1,399,367
4300011862,311,POST MARSHMALLO ALPH,14 OZ,30166,18175,93,1,399,367
4300012550,311,POST BRAN'NOLA CEREA,16 OZ,178,14,3,270,399,102
4300012560,311,~PST BRN'NOLA W/RSNS,16 OZ,10750,5441,85,212,375,132
4300012600,311,POST GREAT GRAINS DB,16 OZ,15026,10169,86,73,369,267
4300012601,311,POST GRT GRAINS CRUN,16 OZ,9686,8766,91,254,399,114
4300012610,311,POST GRT GRNS RSN DA,16 OZ,14578,10209,86,73,379,275
4300012611,311,POST GRT GRAINS RAIS,16 OZ,9710,8925,91,254,399,114
4300012950,311,POST COCOA PEBBLES,11 OZ,4740,794,79,1,60,60
4300012951,311,POST COCOA PEBBLES,13 OZ,31184,28059,93,1,399,367
4300012965,311,COCOA PEBBLES ON BOX,17 OZ,23594,6970,93,1,399,341
4300012970,311,POST FRUITY PEBBLES,11 OZ,4740,626,79,1,60,60
4300012971,311,POST FRUITY PEBBLES,13 OZ,31184,28488,93,1,399,367
4300012974,311,FRUITY PEBBLES ON BO,17 OZ,23205,6596,93,1,399,367
4300012990,311,POST DINO PEBBLES,12.5OZ,17365,7513,86,61,269,205
4300018005,311,NABISCO SHREDDED WHE,15 OZ,7302,7098,87,310,399,88
4300018032,311,~NABISCO 100% BRAN,17 OZ,6074,1978,79,310,399,88
4300018050,311,POST SPOON SIZE SHRD,23.6 O,6076,5552,87,318,399,76
4300018054,311,NAB SPOON SIZE SHRED,17.2 O,7302,7100,87,310,399,88
4300018059,311,NABISCO WHEAT N BRAN,18 OZ,7302,7107,87,310,399,88
4300018155,311,~NABISCO FROSTED WHE,15 OZ,7302,5100,87,310,399,88
4300018160,311,POST FROSTED SHREDDE,19 OZ,2001,1843,82,372,399,28
4300099100,311,HOLIDAY HOME MAG SHI,1 CT,9839,324,79,61,215,143
5200034844,311,POPEYE PUFFED WHEAT,6 OZ,29506,15726,86,1,399,367
5200034847,311,POPEYE PUFFED RICE,6 OZ,29810,23554,86,1,399,367
5200034916,311,POPEYE FRUIT CURLS C,14 OZ,10298,4168,85,172,361,122
5200034940,311,POPEYE SWEET CRUNCH,13 OZ,22908,15324,86,1,369,339
5537050440,311,LFSTREAM BRY GRANOLA,14.9OZ,82,11,1,270,379,82
5537050730,311,LIFESTREAM FRT & NUT,12.4OZ,916,99,10,252,399,116
5537051730,311,LIFESTREAM FRT & NUT,12.4OZ,146,7,2,206,361,88
5571206700,311,WEETABIX WHL WHT CER,7 OZ,307,261,1,61,399,307
7151801022,311,HODGSON MILLS OAT BR,16 OZ,60,7,1,1,60,60
7276201213,311,FAMILIA,12 OZ,60,5,1,1,60,60
7572514080,311,~GENERIC QUICK OATS,42 OZ,16414,7780,83,61,361,233
9166910113,311,SPIDERMAN CEREAL,12.5OZ,560,10,10,310,369,56
9166912111,311,SUNFLAKES CEREAL,15 OZ,29,2,1,367,399,29
79166910113,311,~SPIDERMAN CEREAL,12.5OZ,6922,4160,86,310,399,84
79166910359,311,~MUESLI W/ CRANBERRI,13.5OZ,7124,3647,83,310,399,88
79166910537,311,~RASPBERRY ALMOND MU,13.5OZ,7200,4480,86,310,399,88
79166910605,311,~MUESLI STRAWBERRY P,13.5OZ,7166,3940,84,310,399,88
79166913217,311,$ALMOND DELIGHT CERE,15 OZ,162,20,6,356,399,38
79166915516,311,RALSTON/WHEAT CHEX,16 OZ,6546,6146,87,314,399,80
79166918102,311,RALSTON RICE CHEX,12 OZ,7302,6954,87,310,399,88
79166918982,311,COOKIE CRISP CHOCOLA,11 OZ,7258,6946,87,310,399,88
79166919305,311,MULTI BRAN CHEX CERE,16 OZ,2447,2284,83,366,399,32
79166919541,311,RALSTON CORN CHEX,12 OZ,6638,6336,87,314,399,80
