variable,verdict,source,construction,correlation_with_log_unit_price,within_pair_correlation_with_log_unit_price,ss_share_remaining_after_pair_and_week,missing_share,rows_used_for_correlation,cross_section_note,time_note,exclusion,direct_demand_effects,common_shocks,required_controls,verdict_reason
hoch_dreze_purk_study1_assignment,REJECTED,"Hoch, Drèze, and Purk 1994. Not a movement-file column.",Not built. No store-category arm or cereal week window is on file.,,,,,,,,Usable only if the arm and the weeks are known and checked against prices.,Chainwide deals and a shared media market can move control stores.,"Holidays, competitors, and chain advertising are citywide.","Assignment and weeks, written down before any second stage.",The assignment file is absent. A mined price pattern is not the trial.
log_average_acquisition_cost,REJECTED,"Same movement row: PRICE, QTY, and PROFIT.",log(unit price times (1 - PROFIT/100)) when that product is positive.,0.8862901604330786,0.6131780515601185,0.13678515571350405,0.0,4707776,Same row as the shelf price.,Moves when the margin or the shelf price moves.,"PROFIT is a sales margin, so this product puts the shelf price back in.",Forward buying ties wholesale deals to retail promotions.,Manufacturer deals are often chainwide.,A cost that is not computed from the shelf price.,This series is a function of retail price. An F statistic does not fix that.
lagged_log_unit_price,REJECTED,"Same UPC-store series, previous calendar week only.",Log unit price in week t-1 when that adjacent log-sample week exists.,0.9284976929948694,0.5507181683721533,0.11406705307545345,0.042095673201103856,4509599,Within the UPC-store pair.,Previous calendar week only. A gap is not filled.,Predetermined is not exogenous when promotions and demand shocks persist.,A multi-week deal enters both the lag and current movement.,Chainwide promotions last more than one week.,Pair and week effects do not create an exclusion restriction.,Persistent promotions and demand shocks violate exclusion.
other_store_leave_one_out_log_unit_price,REJECTED,Other stores in the same UPC-week.,Leave-one-out mean log unit price. At least two stores.,0.9898947746697735,0.9557175591107506,0.10405643021550152,0.0004632760777063538,4705595,Other stores in the same UPC-week. At least two stores.,Contemporaneous. Week effects do not remove a UPC-specific chainwide price.,One chain in one city. Promoted prices were supposed to be chainwide.,Another store's price is often the same promotion.,"Weather, holidays, and local media hit many stores in one week.",Separate markets. These files do not have them.,Other-store prices share chainwide promotions and citywide demand.
price_tier,REJECTED,"Store codebook, a 1992 snapshot of manual Part 6.",Store price tier joined on store id. Not a weekly price.,0.08675926081786889,,0.0,0.016320445152870486,1874822,"Point-biserial correlation of a High-tier indicator with log price, on High and CubFighter rows only.",Tier is constant within every store.,"Tiers are pricing policy, lined up with location and Cub Foods competition.",Who lives near the store affects the tier and demand.,The tier does not vary over weeks.,Pair effects absorb a time-invariant tier.,A time-invariant pricing policy is not an instrument.
promo_coded,REJECTED,Movement column SALE.,"1{SALE in {B, C, S}}. G and L stay unclassified.",-0.20955217897382097,-0.37424772338693674,0.892464406110272,0.0,4707776,"Coded B, C, or S versus blank and unclassified.",Turns on and off inside pairs. The confirmatory equation uses it as a control.,The manual does not describe SALE as randomized.,Features and coupons can raise movement at a given shelf price.,Many promotions are chainwide for one UPC.,The confirmatory equation already uses the flag as a control.,"The promotion flag is an incomplete control, not an instrument."
customer_counts,REJECTED,Kilts daily customer-count file. Sized in Phase 1 and not opened.,Not constructed.,,,,,,,,Traffic is an outcome of prices and promotions.,Deals bring shoppers into the store.,Holidays and weather move traffic and demand together.,Opening the file would not supply an exclusion restriction.,Customer counts respond to price. They are not used.
demographics_1990,REJECTED,Kilts 1990 store demographics. Sized in Phase 1 and not opened.,Not constructed.,,,,,,,,One cross-section is absorbed by pair effects and does not shift weekly price.,Income and household composition shift demand directly.,None over time. The file is one cross-section.,Store or pair fixed effects remove it.,Demographics do not vary over the panel.
national_cost_index,REJECTED,Not in the Kilts files used here.,Not built. A pure weekly series is absorbed by week effects.,,,0.0,,,No cost index was joined.,"Demonstration only: the week index is constant across rows in a week, and its remaining sum-of-squares share after week effects is 0.0.",Wholesale does not imply exclusion. Week effects absorb a common weekly series.,Inflation and commodity news can move demand and costs together.,A national weekly index is a common shock.,"An exposure measure, if the index is to survive week effects.",No cost index was joined. Week effects would absorb a pure time series.
exposure_weighted_cost_index,REJECTED,Not in the Kilts files used here.,Not built. No product exposure share is in the confirmatory design.,,,,,,,,Exposure must be excluded from demand. Package mix is a product attribute.,Ingredient mix and package size enter demand directly.,The national factor is still common.,No time-varying exposure is on file. Pair effects absorb a fixed share.,No defensible exposure measure is in the files.
