sample,elasticity_case,elasticity,elasticity_origin,price_ratio,price_change,cost_case,promotion_status,cross_price_effects,causal,deployment_supported,pairs,quantity_0,quantity_1,quantity_change,revenue_0,revenue_1,revenue_change,gross_profit_0,gross_profit_1,gross_profit_change,gross_profit_dollar_change,closed_form_quantity_change,closed_form_revenue_change
full_menu_historical_support,low_sensitivity_pooled_association,-0.346033488053271,estimated_association,0.9,-0.09999999999999998,recorded_average_acquisition_cost,held at the baseline week,not modeled,False,False,9326,169574.0,175870.4556282252,0.03713102025207404,472636.32,441167.2098928072,-0.0665820817731334,113382.696811,68574.13314554545,-0.39519754711908894,-44808.56366545455,0.03713102025207404,-0.0665820817731334
full_menu_historical_support,low_sensitivity_pooled_association,-0.346033488053271,estimated_association,0.9,-0.09999999999999998,less_favorable_margin,held at the baseline week,not modeled,False,False,9326,169574.0,175870.4556282252,0.03713102025207404,472636.32,441167.2098928072,-0.0665820817731334,66119.06481099999,19555.55426856687,-0.7042372827796941,-46563.51054243312,0.03713102025207404,-0.0665820817731334
full_menu_historical_support,low_sensitivity_pooled_association,-0.346033488053271,estimated_association,0.95,-0.050000000000000044,recorded_average_acquisition_cost,held at the baseline week,not modeled,False,False,9326,169574.0,172610.67195324838,0.01790765066135358,472636.32,457045.1198030064,-0.032987731871714,113382.696811,91358.10823111216,-0.19424999756886263,-22024.588579887844,0.01790765066135358,-0.03298773187171422
full_menu_historical_support,low_sensitivity_pooled_association,-0.346033488053271,estimated_association,0.95,-0.050000000000000044,less_favorable_margin,held at the baseline week,not modeled,False,False,9326,169574.0,172610.67195324838,0.01790765066135358,472636.32,457045.1198030064,-0.032987731871714,66119.06481099999,43248.09562026938,-0.3459058178772917,-22870.96919073061,0.01790765066135358,-0.03298773187171422
full_menu_historical_support,low_sensitivity_pooled_association,-0.346033488053271,estimated_association,0.98,-0.020000000000000018,recorded_average_acquisition_cost,held at the baseline week,not modeled,False,False,9326,169574.0,170763.6135094642,0.007015306057911008,472636.32,466432.9682701071,-0.013125000063247128,113382.696811,104659.07096202282,-0.07693965741103148,-8723.625848977186,0.007015306057911008,-0.013125000063247239
full_menu_historical_support,low_sensitivity_pooled_association,-0.346033488053271,estimated_association,0.98,-0.020000000000000018,less_favorable_margin,held at the baseline week,not modeled,False,False,9326,169574.0,170763.6135094642,0.007015306057911008,472636.32,466432.9682701071,-0.013125000063247128,66119.06481099999,57063.87011813433,-0.13695285495567355,-9055.194692865662,0.007015306057911008,-0.013125000063247239
full_menu_historical_support,low_sensitivity_pooled_association,-0.346033488053271,estimated_association,0.99,-0.010000000000000009,recorded_average_acquisition_cost,held at the baseline week,not modeled,False,False,9326,169574.0,170164.76311707892,0.0034838071701965845,472636.32,469540.06486250623,-0.006551030901505328,113382.696811,109034.87132512129,-0.03834646386234919,-4347.825485878711,0.0034838071701965845,-0.006551030901505439
full_menu_historical_support,low_sensitivity_pooled_association,-0.346033488053271,estimated_association,0.99,-0.010000000000000009,less_favorable_margin,held at the baseline week,not modeled,False,False,9326,169574.0,170164.76311707892,0.0034838071701965845,472636.32,469540.06486250623,-0.006551030901505328,66119.06481099999,61606.581945070146,-0.06824783258548328,-4512.482865929844,0.0034838071701965845,-0.006551030901505439
full_menu_historical_support,low_sensitivity_pooled_association,-0.346033488053271,estimated_association,1.0,0.0,recorded_average_acquisition_cost,held at the baseline week,not modeled,False,False,9326,169574.0,169574.0,0.0,472636.32,472636.32,0.0,113382.696811,113382.696811,0.0,0.0,0.0,0.0
full_menu_historical_support,low_sensitivity_pooled_association,-0.346033488053271,estimated_association,1.0,0.0,less_favorable_margin,held at the baseline week,not modeled,False,False,9326,169574.0,169574.0,0.0,472636.32,472636.32,0.0,66119.06481099999,66119.06481099999,0.0,0.0,0.0,0.0
full_menu_historical_support,low_sensitivity_pooled_association,-0.346033488053271,estimated_association,1.01,0.010000000000000009,recorded_average_acquisition_cost,held at the baseline week,not modeled,False,False,9326,169574.0,168991.135692989,-0.0034372268567764985,472636.32,475721.8793648821,0.006528400874655782,113382.696811,117703.09237790157,0.03810454053763901,4320.39556690157,-0.0034372268567764985,0.006528400874655782
full_menu_historical_support,low_sensitivity_pooled_association,-0.346033488053271,estimated_association,1.01,0.010000000000000009,less_favorable_margin,held at the baseline week,not modeled,False,False,9326,169574.0,168991.135692989,-0.0034372268567764985,472636.32,475721.8793648821,0.006528400874655782,66119.06481099999,70601.91620316077,0.06779967933567899,4482.851392160781,-0.0034372268567764985,0.006528400874655782
full_menu_historical_support,low_sensitivity_pooled_association,-0.346033488053271,estimated_association,1.02,0.020000000000000018,recorded_average_acquisition_cost,held at the baseline week,not modeled,False,False,9326,169574.0,168415.98793329558,-0.006828948227348697,472636.32,478796.8852611625,0.013034472808104214,113382.696811,121996.58646540761,0.07597181842275536,8613.889654407612,-0.006828948227348697,0.013034472808104436
full_menu_historical_support,low_sensitivity_pooled_association,-0.346033488053271,estimated_association,1.02,0.020000000000000018,less_favorable_margin,held at the baseline week,not modeled,False,False,9326,169574.0,168415.98793329558,-0.006828948227348697,472636.32,478796.8852611625,0.013034472808104214,66119.06481099999,75055.71536137207,0.1351599659783047,8936.650550372084,-0.006828948227348697,0.013034472808104436
full_menu_historical_support,low_sensitivity_pooled_association,-0.346033488053271,estimated_association,1.05,0.050000000000000044,recorded_average_acquisition_cost,held at the baseline week,not modeled,False,False,9326,169574.0,166735.10892830885,-0.0167413110010447,472636.32,487959.9567953153,0.0324216234489032,113382.696811,134720.71024037446,0.18819461901619117,21338.013429374463,-0.01674131100104459,0.0324216234489032
full_menu_historical_support,low_sensitivity_pooled_association,-0.346033488053271,estimated_association,1.05,0.050000000000000044,less_favorable_margin,held at the baseline week,not modeled,False,False,9326,169574.0,166735.10892830885,-0.0167413110010447,472636.32,487959.9567953153,0.0324216234489032,66119.06481099999,88248.33340272539,0.33468816679397184,22129.2685917254,-0.01674131100104459,0.0324216234489032
full_menu_historical_support,low_sensitivity_pooled_association,-0.346033488053271,estimated_association,1.1,0.10000000000000009,recorded_average_acquisition_cost,held at the baseline week,not modeled,False,False,9326,169574.0,164072.58079670634,-0.03244258673672651,472636.32,503033.0527128201,0.06431315458960096,113382.696811,155434.5463546125,0.37088418891384833,42051.84954361251,-0.0324425867367264,0.06431315458960096
full_menu_historical_support,low_sensitivity_pooled_association,-0.346033488053271,estimated_association,1.1,0.10000000000000009,less_favorable_margin,held at the baseline week,not modeled,False,False,9326,169574.0,164072.58079670634,-0.03244258673672651,472636.32,503033.0527128201,0.06431315458960096,66119.06481099999,109704.26883526522,0.6591926874472991,43585.20402426523,-0.0324425867367264,0.06431315458960096
full_menu_historical_support,central_confirmatory_association,-2.127546339203591,estimated_association,0.9,-0.09999999999999998,recorded_average_acquisition_cost,held at the baseline week,not modeled,False,False,9326,169574.0,212182.93193885026,0.2512704302478579,472636.32,532256.2663294479,0.12614338722307217,113382.696811,82732.83067364598,-0.27032225374251706,-30649.866137354024,0.2512704302478579,0.12614338722307217
full_menu_historical_support,central_confirmatory_association,-2.127546339203591,estimated_association,0.9,-0.09999999999999998,less_favorable_margin,held at the baseline week,not modeled,False,False,9326,169574.0,212182.93193885026,0.2512704302478579,472636.32,532256.2663294479,0.12614338722307217,66119.06481099999,23593.245525929553,-0.643170308089348,-42525.819285070436,0.2512704302478579,0.12614338722307217
full_menu_historical_support,central_confirmatory_association,-2.127546339203591,estimated_association,0.95,-0.050000000000000044,recorded_average_acquisition_cost,held at the baseline week,not modeled,False,False,9326,169574.0,189126.9098526127,0.11530606020152101,472636.32,500777.44436897803,0.059540757191444804,113382.696811,100099.7012769327,-0.11715187508909763,-13282.995534067304,0.11530606020152101,0.059540757191444804
full_menu_historical_support,central_confirmatory_association,-2.127546339203591,estimated_association,0.95,-0.050000000000000044,less_favorable_margin,held at the baseline week,not modeled,False,False,9326,169574.0,189126.9098526127,0.11530606020152101,472636.32,500777.44436897803,0.059540757191444804,66119.06481099999,47386.286080198144,-0.2833188700467727,-18732.778730801845,0.11530606020152101,0.059540757191444804
full_menu_historical_support,central_confirmatory_association,-2.127546339203591,estimated_association,0.98,-0.020000000000000018,recorded_average_acquisition_cost,held at the baseline week,not modeled,False,False,9326,169574.0,177021.572860442,0.04391930874097438,472636.32,483526.2968510724,0.023040922566154975,113382.696811,108494.50286892104,-0.04311234500117056,-4888.193942078957,0.04391930874097438,0.023040922566154753
full_menu_historical_support,central_confirmatory_association,-2.127546339203591,estimated_association,0.98,-0.020000000000000018,less_favorable_margin,held at the baseline week,not modeled,False,False,9326,169574.0,177021.572860442,0.04391930874097438,472636.32,483526.2968510724,0.023040922566154975,66119.06481099999,59155.084822893245,-0.10532484099726969,-6963.979988106745,0.04391930874097438,0.023040922566154753
full_menu_historical_support,central_confirmatory_association,-2.127546339203591,estimated_association,0.99,-0.010000000000000009,recorded_average_acquisition_cost,held at the baseline week,not modeled,False,False,9326,169574.0,173238.96898695524,0.021612800234441787,472636.32,478022.80122402473,0.011396672232097504,113382.696811,111004.7012435414,-0.02097317875074467,-2377.9955674585945,0.021612800234441787,0.011396672232097504
full_menu_historical_support,central_confirmatory_association,-2.127546339203591,estimated_association,0.99,-0.010000000000000009,less_favorable_margin,held at the baseline week,not modeled,False,False,9326,169574.0,173238.96898695524,0.021612800234441787,472636.32,478022.80122402473,0.011396672232097504,66119.06481099999,62719.56980677124,-0.05141474722829398,-3399.495004228753,0.021612800234441787,0.011396672232097504
full_menu_historical_support,central_confirmatory_association,-2.127546339203591,estimated_association,1.0,0.0,recorded_average_acquisition_cost,held at the baseline week,not modeled,False,False,9326,169574.0,169574.0,0.0,472636.32,472636.32,0.0,113382.696811,113382.696811,0.0,0.0,0.0,0.0
full_menu_historical_support,central_confirmatory_association,-2.127546339203591,estimated_association,1.0,0.0,less_favorable_margin,held at the baseline week,not modeled,False,False,9326,169574.0,169574.0,0.0,472636.32,472636.32,0.0,66119.06481099999,66119.06481099999,0.0,0.0,0.0,0.0
full_menu_historical_support,central_confirmatory_association,-2.127546339203591,estimated_association,1.01,0.010000000000000009,recorded_average_acquisition_cost,held at the baseline week,not modeled,False,False,9326,169574.0,166021.88545197656,-0.020947282885486196,472636.32,467363.2320360348,-0.01115675571434116,113382.696811,115634.9961196107,0.019864576976547976,2252.2993086107017,-0.020947282885486307,-0.01115675571434116
full_menu_historical_support,central_confirmatory_association,-2.127546339203591,estimated_association,1.01,0.010000000000000009,less_favorable_margin,held at the baseline week,not modeled,False,False,9326,169574.0,166021.88545197656,-0.020947282885486196,472636.32,467363.2320360348,-0.01115675571434116,66119.06481099999,69361.40878931023,0.049037958833483275,3242.3439783102367,-0.020947282885486307,-0.01115675571434116
full_menu_historical_support,central_confirmatory_association,-2.127546339203591,estimated_association,1.02,0.020000000000000018,recorded_average_acquisition_cost,held at the baseline week,not modeled,False,False,9326,169574.0,162578.08387430964,-0.041255830054668485,472636.32,462200.06263050437,-0.02208094665576199,113382.696811,117767.7458663137,0.0386747641275742,4385.0490553136915,-0.041255830054668596,-0.02208094665576188
full_menu_historical_support,central_confirmatory_association,-2.127546339203591,estimated_association,1.02,0.020000000000000018,less_favorable_margin,held at the baseline week,not modeled,False,False,9326,169574.0,162578.08387430964,-0.041255830054668485,472636.32,462200.06263050437,-0.02208094665576199,66119.06481099999,72454.01423587208,0.09581123754518317,6334.949424872088,-0.041255830054668596,-0.02208094665576188
full_menu_historical_support,central_confirmatory_association,-2.127546339203591,estimated_association,1.05,0.050000000000000044,recorded_average_acquisition_cost,held at the baseline week,not modeled,False,False,9326,169574.0,152854.4367212635,-0.0985974458274057,472636.32,447337.36534487235,-0.05352731811877609,113382.696811,123505.23180654904,0.0892775994949433,10122.534995549038,-0.09859744582740582,-0.05352731811877609
full_menu_historical_support,central_confirmatory_association,-2.127546339203591,estimated_association,1.05,0.050000000000000044,less_favorable_margin,held at the baseline week,not modeled,False,False,9326,169574.0,152854.4367212635,-0.0985974458274057,472636.32,447337.36534487235,-0.05352731811877609,66119.06481099999,80901.67320227549,0.22357558192226845,14782.608391275498,-0.09859744582740582,-0.05352731811877609
full_menu_historical_support,central_confirmatory_association,-2.127546339203591,estimated_association,1.1,0.10000000000000009,recorded_average_acquisition_cost,held at the baseline week,not modeled,False,False,9326,169574.0,138450.4618658967,-0.18353956463905607,472636.32,424477.7411540539,-0.10189352110296157,113382.696811,131161.37156016644,0.15680236269915238,17778.674749166443,-0.18353956463905607,-0.10189352110296168
full_menu_historical_support,central_confirmatory_association,-2.127546339203591,estimated_association,1.1,0.10000000000000009,less_favorable_margin,held at the baseline week,not modeled,False,False,9326,169574.0,138450.4618658967,-0.18353956463905607,472636.32,424477.7411540539,-0.10189352110296157,66119.06481099999,92572.486000707,0.40008764893035886,26453.421189707005,-0.18353956463905607,-0.10189352110296168
full_menu_historical_support,assumed_unit,-1.0,assumed,0.9,-0.09999999999999998,recorded_average_acquisition_cost,held at the baseline week,not modeled,False,False,9326,169574.0,188415.55555555556,0.11111111111111116,472636.32,472636.32000000007,2.220446049250313e-16,113382.696811,73465.62756777779,-0.3520560929130202,-39917.06924322221,0.11111111111111116,0.0
full_menu_historical_support,assumed_unit,-1.0,assumed,0.9,-0.09999999999999998,less_favorable_margin,held at the baseline week,not modeled,False,False,9326,169574.0,188415.55555555556,0.11111111111111116,472636.32,472636.32000000007,2.220446049250313e-16,66119.06481099999,20950.480901111114,-0.6831400903658024,-45168.583909888875,0.11111111111111116,0.0
full_menu_historical_support,assumed_unit,-1.0,assumed,0.95,-0.050000000000000044,recorded_average_acquisition_cost,held at the baseline week,not modeled,False,False,9326,169574.0,178498.94736842104,0.05263157894736836,472636.32,472636.31999999995,-1.1102230246251565e-16,113382.696811,94474.61137999999,-0.16676341243248338,-18908.085431000014,0.05263157894736836,0.0
full_menu_historical_support,assumed_unit,-1.0,assumed,0.95,-0.050000000000000044,less_favorable_margin,held at the baseline week,not modeled,False,False,9326,169574.0,178498.94736842104,0.05263157894736836,472636.32,472636.31999999995,-1.1102230246251565e-16,66119.06481099999,44723.41980105261,-0.32359267438380135,-21395.64500994738,0.05263157894736836,0.0
full_menu_historical_support,assumed_unit,-1.0,assumed,0.98,-0.020000000000000018,recorded_average_acquisition_cost,held at the baseline week,not modeled,False,False,9326,169574.0,173034.69387755104,0.020408163265306145,472636.32,472636.32000000007,2.220446049250313e-16,113382.696811,106050.99021530614,-0.06466336400443218,-7331.70659569386,0.020408163265306145,0.0
full_menu_historical_support,assumed_unit,-1.0,assumed,0.98,-0.020000000000000018,less_favorable_margin,held at the baseline week,not modeled,False,False,9326,169574.0,173034.69387755104,0.020408163265306145,472636.32,472636.32000000007,2.220446049250313e-16,66119.06481099999,57822.79429693878,-0.1254747104753513,-8296.270514061209,0.020408163265306145,0.0
full_menu_historical_support,assumed_unit,-1.0,assumed,0.99,-0.010000000000000009,recorded_average_acquisition_cost,held at the baseline week,not modeled,False,False,9326,169574.0,171286.8686868687,0.010101010101010166,472636.32,472636.32000000007,2.220446049250313e-16,113382.696811,109753.87233434345,-0.03200509935572893,-3628.8244766565476,0.010101010101010166,0.0
full_menu_historical_support,assumed_unit,-1.0,assumed,0.99,-0.010000000000000009,less_favorable_margin,held at the baseline week,not modeled,False,False,9326,169574.0,171286.8686868687,0.010101010101010166,472636.32,472636.32000000007,2.220446049250313e-16,66119.06481099999,62012.82991010101,-0.062103644578709094,-4106.234900898977,0.010101010101010166,0.0
full_menu_historical_support,assumed_unit,-1.0,assumed,1.0,0.0,recorded_average_acquisition_cost,held at the baseline week,not modeled,False,False,9326,169574.0,169574.0,0.0,472636.32,472636.32,0.0,113382.696811,113382.696811,0.0,0.0,0.0,0.0
full_menu_historical_support,assumed_unit,-1.0,assumed,1.0,0.0,less_favorable_margin,held at the baseline week,not modeled,False,False,9326,169574.0,169574.0,0.0,472636.32,472636.32,0.0,66119.06481099999,66119.06481099999,0.0,0.0,0.0,0.0
full_menu_historical_support,assumed_unit,-1.0,assumed,1.01,0.010000000000000009,recorded_average_acquisition_cost,held at the baseline week,not modeled,False,False,9326,169574.0,167895.04950495053,-0.009900990099009688,472636.32,472636.31999999995,-1.1102230246251565e-16,113382.696811,116939.66337722773,0.03137133501205125,3556.9665662277257,-0.00990099009900991,0.0
full_menu_historical_support,assumed_unit,-1.0,assumed,1.01,0.010000000000000009,less_favorable_margin,held at the baseline week,not modeled,False,False,9326,169574.0,167895.04950495053,-0.009900990099009688,472636.32,472636.31999999995,-1.1102230246251565e-16,66119.06481099999,70143.98812970296,0.0608738694385369,4024.923318702975,-0.00990099009900991,0.0
full_menu_historical_support,assumed_unit,-1.0,assumed,1.02,0.020000000000000018,recorded_average_acquisition_cost,held at the baseline week,not modeled,False,False,9326,169574.0,166249.01960784313,-0.019607843137254943,472636.32,472636.31999999995,-1.1102230246251565e-16,113382.696811,120426.88550098038,0.06212754580818003,7044.188689980379,-0.019607843137254943,0.0
full_menu_historical_support,assumed_unit,-1.0,assumed,1.02,0.020000000000000018,less_favorable_margin,held at the baseline week,not modeled,False,False,9326,169574.0,166249.01960784313,-0.019607843137254943,472636.32,472636.31999999995,-1.1102230246251565e-16,66119.06481099999,74089.99138333333,0.12055413359396527,7970.926572333337,-0.019607843137254943,0.0
full_menu_historical_support,assumed_unit,-1.0,assumed,1.05,0.050000000000000044,recorded_average_acquisition_cost,held at the baseline week,not modeled,False,False,9326,169574.0,161499.0476190476,-0.04761904761904767,472636.32,472636.31999999995,-1.1102230246251565e-16,113382.696811,130490.0122009524,0.1508811826770089,17107.315389952404,-0.04761904761904767,0.0
full_menu_historical_support,assumed_unit,-1.0,assumed,1.05,0.050000000000000044,less_favorable_margin,held at the baseline week,not modeled,False,False,9326,169574.0,161499.0476190476,-0.04761904761904767,472636.32,472636.31999999995,-1.1102230246251565e-16,66119.06481099999,85477.02934380954,0.2927743244424872,19357.96453280955,-0.04761904761904767,0.0
full_menu_historical_support,assumed_unit,-1.0,assumed,1.1,0.10000000000000009,recorded_average_acquisition_cost,held at the baseline week,not modeled,False,False,9326,169574.0,154158.18181818182,-0.09090909090909083,472636.32,472636.32000000007,2.220446049250313e-16,113382.696811,146042.11710090912,0.28804589420156224,32659.420289909118,-0.09090909090909094,0.0
full_menu_historical_support,assumed_unit,-1.0,assumed,1.1,0.10000000000000009,less_favorable_margin,held at the baseline week,not modeled,False,False,9326,169574.0,154158.18181818182,-0.09090909090909083,472636.32,472636.32000000007,2.220446049250313e-16,66119.06481099999,103075.17891909092,0.5589328012083843,36956.11410809093,-0.09090909090909094,0.0
full_menu_historical_support,high_sensitivity_assumed,-3.0,assumed,0.9,-0.09999999999999998,recorded_average_acquisition_cost,held at the baseline week,not modeled,False,False,9326,169574.0,232611.79698216732,0.37174211248285305,472636.32,583501.6296296295,0.2345679012345676,113382.696811,90698.30563923184,-0.20006925050990143,-22684.391171768162,0.37174211248285305,0.23456790123456783
full_menu_historical_support,high_sensitivity_assumed,-3.0,assumed,0.9,-0.09999999999999998,less_favorable_margin,held at the baseline week,not modeled,False,False,9326,169574.0,232611.79698216732,0.37174211248285305,472636.32,583501.6296296295,0.2345679012345676,66119.06481099999,25864.791235939647,-0.6088149263775338,-40254.273575060346,0.37174211248285305,0.23456790123456783
full_menu_historical_support,high_sensitivity_assumed,-3.0,assumed,0.95,-0.050000000000000044,recorded_average_acquisition_cost,held at the baseline week,not modeled,False,False,9326,169574.0,197782.76716722557,0.16635077999708425,472636.32,523696.7534626039,0.10803324099723,113382.696811,104681.00983933518,-0.07674616336009232,-8701.686971664822,0.16635077999708425,0.10803324099723
full_menu_historical_support,high_sensitivity_assumed,-3.0,assumed,0.95,-0.050000000000000044,less_favorable_margin,held at the baseline week,not modeled,False,False,9326,169574.0,197782.76716722557,0.16635077999708425,472636.32,523696.7534626039,0.10803324099723,66119.06481099999,49555.03579064002,-0.2505181987632147,-16564.029020359972,0.16635077999708425,0.10803324099723
full_menu_historical_support,high_sensitivity_assumed,-3.0,assumed,0.98,-0.020000000000000018,recorded_average_acquisition_cost,held at the baseline week,not modeled,False,False,9326,169574.0,180169.4022048636,0.06248246903926069,472636.32,492124.44814660563,0.041232819658475695,113382.696811,110423.77156945661,-0.026096797172461716,-2958.9252415433875,0.06248246903926091,0.041232819658475695
full_menu_historical_support,high_sensitivity_assumed,-3.0,assumed,0.98,-0.020000000000000018,less_favorable_margin,held at the baseline week,not modeled,False,False,9326,169574.0,180169.4022048636,0.06248246903926069,472636.32,492124.44814660563,0.041232819658475695,66119.06481099999,60206.991146333596,-0.08941556692560515,-5912.073664666394,0.06248246903926091,0.041232819658475695
full_menu_historical_support,high_sensitivity_assumed,-3.0,assumed,0.99,-0.010000000000000009,recorded_average_acquisition_cost,held at the baseline week,not modeled,False,False,9326,169574.0,174764.6859370153,0.0306101521283646,472636.32,482232.75176002446,0.020304050607080848,113382.696811,111982.32051254305,-0.012350881905651478,-1400.3762984569476,0.0306101521283646,0.020304050607080848
full_menu_historical_support,high_sensitivity_assumed,-3.0,assumed,0.99,-0.010000000000000009,less_favorable_margin,held at the baseline week,not modeled,False,False,9326,169574.0,174764.6859370153,0.0306101521283646,472636.32,482232.75176002446,0.020304050607080848,66119.06481099999,63271.941546884,-0.04306054951403848,-2847.1232641159877,0.0306101521283646,0.020304050607080848
full_menu_historical_support,high_sensitivity_assumed,-3.0,assumed,1.0,0.0,recorded_average_acquisition_cost,held at the baseline week,not modeled,False,False,9326,169574.0,169574.0,0.0,472636.32,472636.32,0.0,113382.696811,113382.696811,0.0,0.0,0.0,0.0
full_menu_historical_support,high_sensitivity_assumed,-3.0,assumed,1.0,0.0,less_favorable_margin,held at the baseline week,not modeled,False,False,9326,169574.0,169574.0,0.0,472636.32,472636.32,0.0,66119.06481099999,66119.06481099999,0.0,0.0,0.0,0.0
full_menu_historical_support,high_sensitivity_assumed,-3.0,assumed,1.01,0.010000000000000009,recorded_average_acquisition_cost,held at the baseline week,not modeled,False,False,9326,169574.0,164586.8537446824,-0.02940985207235547,472636.32,463323.5173022253,-0.019703950593079056,113382.696811,114635.49002767153,0.011049245183855971,1252.7932166715327,-0.02940985207235558,-0.019703950593079167
full_menu_historical_support,high_sensitivity_assumed,-3.0,assumed,1.01,0.010000000000000009,less_favorable_margin,held at the baseline week,not modeled,False,False,9326,169574.0,164586.8537446824,-0.02940985207235547,472636.32,463323.5173022253,-0.019703950593079056,66119.06481099999,68761.87445319377,0.03997046312963137,2642.8096421937807,-0.02940985207235558,-0.019703950593079167
full_menu_historical_support,high_sensitivity_assumed,-3.0,assumed,1.02,0.020000000000000018,recorded_average_acquisition_cost,held at the baseline week,not modeled,False,False,9326,169574.0,159793.3675584805,-0.05767766545295561,472636.32,454283.27566320647,-0.03883121876201456,113382.696811,115750.56276526373,0.02088383872374089,2367.8659542637324,-0.057677665452955496,-0.038831218762014674
full_menu_historical_support,high_sensitivity_assumed,-3.0,assumed,1.02,0.020000000000000018,less_favorable_margin,held at the baseline week,not modeled,False,False,9326,169574.0,159793.3675584805,-0.05767766545295561,472636.32,454283.27566320647,-0.03883121876201456,66119.06481099999,71212.98671985132,0.0770416508976981,5093.921908851335,-0.057677665452955496,-0.038831218762014674
full_menu_historical_support,high_sensitivity_assumed,-3.0,assumed,1.05,0.050000000000000044,recorded_average_acquisition_cost,held at the baseline week,not modeled,False,False,9326,169574.0,146484.3969333765,-0.1361624014685241,472636.32,428695.07482993195,-0.09297052154195018,113382.696811,118358.2877106144,0.043883158890710705,4975.590899614399,-0.13616240146852399,-0.09297052154195018
full_menu_historical_support,high_sensitivity_assumed,-3.0,assumed,1.05,0.050000000000000044,less_favorable_margin,held at the baseline week,not modeled,False,False,9326,169574.0,146484.3969333765,-0.1361624014685241,472636.32,428695.07482993195,-0.09297052154195018,66119.06481099999,77530.18534585899,0.17258442126302698,11411.120534859001,-0.13616240146852399,-0.09297052154195018
full_menu_historical_support,high_sensitivity_assumed,-3.0,assumed,1.1,0.10000000000000009,recorded_average_acquisition_cost,held at the baseline week,not modeled,False,False,9326,169574.0,127403.45604808412,-0.24868519909842246,472636.32,390608.5289256197,-0.17355371900826466,113382.696811,120695.96454620585,0.06450073900955533,7313.267735205853,-0.24868519909842246,-0.17355371900826455
full_menu_historical_support,high_sensitivity_assumed,-3.0,assumed,1.1,0.10000000000000009,less_favorable_margin,held at the baseline week,not modeled,False,False,9326,169574.0,127403.45604808412,-0.24868519909842246,472636.32,390608.5289256197,-0.17355371900826466,66119.06481099999,85186.09828024042,0.2883742158746976,19067.03346924043,-0.24868519909842246,-0.17355371900826455
